,IdPinjaman,Jenis Kelamin,Menikah,Tanggungan,Pendidikan S1,Wiraswasta,Pengahasilan Utama,Pengahasilan Tambahan,Jumlah Pinjaman,Jangka Pinjaman,Kredit History,Area TempatTinggal,Status Pinjaman
0,LP001002,Pria,No,0,Lulus,Tidak,5849,0.0,,360.0,1.0,Kota,Y
1,LP001003,Pria,Yes,1,Lulus,Tidak,4583,1508.0,128.0,360.0,1.0,Desa,N
2,LP001005,Pria,Yes,0,Lulus,Ya,3000,0.0,66.0,360.0,1.0,Kota,Y
3,LP001006,Pria,Yes,0,Tidak Lulus,Tidak,2583,2358.0,120.0,360.0,1.0,Kota,Y
4,LP001008,Pria,No,0,Lulus,Tidak,6000,0.0,141.0,360.0,1.0,Kota,Y
5,LP001011,Pria,Yes,2,Lulus,Ya,5417,4196.0,267.0,360.0,1.0,Kota,Y
6,LP001013,Pria,Yes,0,Tidak Lulus,Tidak,2333,1516.0,95.0,360.0,1.0,Kota,Y
7,LP001014,Pria,Yes,3+,Lulus,Tidak,3036,2504.0,158.0,360.0,0.0,Pingiran Kota,N
8,LP001018,Pria,Yes,2,Lulus,Tidak,4006,1526.0,168.0,360.0,1.0,Kota,Y
9,LP001020,Pria,Yes,1,Lulus,Tidak,12841,10968.0,349.0,360.0,1.0,Pingiran Kota,N
10,LP001024,Pria,Yes,2,Lulus,Tidak,3200,700.0,70.0,360.0,1.0,Kota,Y
11,LP001027,Pria,Yes,2,Lulus,Tidak,2500,1840.0,109.0,360.0,1.0,Kota,Y
12,LP001028,Pria,Yes,2,Lulus,Tidak,3073,8106.0,200.0,360.0,1.0,Kota,Y
13,LP001029,Pria,No,0,Lulus,Tidak,1853,2840.0,114.0,360.0,1.0,Desa,N
14,LP001030,Pria,Yes,2,Lulus,Tidak,1299,1086.0,17.0,120.0,1.0,Kota,Y
15,LP001032,Pria,No,0,Lulus,Tidak,4950,0.0,125.0,360.0,1.0,Kota,Y
16,LP001034,Pria,No,1,Tidak Lulus,Tidak,3596,0.0,100.0,240.0,,Kota,Y
17,LP001036,Wanita,No,0,Lulus,Tidak,3510,0.0,76.0,360.0,0.0,Kota,N
18,LP001038,Pria,Yes,0,Tidak Lulus,Tidak,4887,0.0,133.0,360.0,1.0,Desa,N
19,LP001041,Pria,Yes,0,Lulus,Tidak,2600,3500.0,115.0,,1.0,Kota,Y
20,LP001043,Pria,Yes,0,Tidak Lulus,Tidak,7660,0.0,104.0,360.0,0.0,Kota,N
21,LP001046,Pria,Yes,1,Lulus,Tidak,5955,5625.0,315.0,360.0,1.0,Kota,Y
22,LP001047,Pria,Yes,0,Tidak Lulus,Tidak,2600,1911.0,116.0,360.0,0.0,Pingiran Kota,N
23,LP001050,Wanita,Yes,2,Tidak Lulus,Tidak,3365,1917.0,112.0,360.0,0.0,Desa,N
24,LP001052,Pria,Yes,1,Lulus,Tidak,3717,2925.0,151.0,360.0,,Pingiran Kota,N
25,LP001066,Pria,Yes,0,Lulus,Ya,9560,0.0,191.0,360.0,1.0,Pingiran Kota,Y
26,LP001068,Pria,Yes,0,Lulus,Tidak,2799,2253.0,122.0,360.0,1.0,Pingiran Kota,Y
27,LP001073,Pria,Yes,2,Tidak Lulus,Tidak,4226,1040.0,110.0,360.0,1.0,Kota,Y
28,LP001086,Pria,No,0,Tidak Lulus,Tidak,1442,0.0,35.0,360.0,1.0,Kota,N
29,LP001087,Wanita,No,2,Lulus,Tidak,3750,2083.0,120.0,360.0,1.0,Pingiran Kota,Y
30,LP001091,Pria,Yes,1,Lulus,Tidak,4166,3369.0,201.0,360.0,,Kota,N
31,LP001095,Pria,No,0,Lulus,Tidak,3167,0.0,74.0,360.0,1.0,Kota,N
32,LP001097,Pria,No,1,Lulus,Ya,4692,0.0,106.0,360.0,1.0,Desa,N
33,LP001098,Pria,Yes,0,Lulus,Tidak,3500,1667.0,114.0,360.0,1.0,Pingiran Kota,Y
34,LP001100,Pria,No,3+,Lulus,Tidak,12500,3000.0,320.0,360.0,1.0,Desa,N
35,LP001106,Pria,Yes,0,Lulus,Tidak,2275,2067.0,,360.0,1.0,Kota,Y
36,LP001109,Pria,Yes,0,Lulus,Tidak,1828,1330.0,100.0,,0.0,Kota,N
37,LP001112,Wanita,Yes,0,Lulus,Tidak,3667,1459.0,144.0,360.0,1.0,Pingiran Kota,Y
38,LP001114,Pria,No,0,Lulus,Tidak,4166,7210.0,184.0,360.0,1.0,Kota,Y
39,LP001116,Pria,No,0,Tidak Lulus,Tidak,3748,1668.0,110.0,360.0,1.0,Pingiran Kota,Y
40,LP001119,Pria,No,0,Lulus,Tidak,3600,0.0,80.0,360.0,1.0,Kota,N
41,LP001120,Pria,No,0,Lulus,Tidak,1800,1213.0,47.0,360.0,1.0,Kota,Y
42,LP001123,Pria,Yes,0,Lulus,Tidak,2400,0.0,75.0,360.0,,Kota,Y
43,LP001131,Pria,Yes,0,Lulus,Tidak,3941,2336.0,134.0,360.0,1.0,Pingiran Kota,Y
44,LP001136,Pria,Yes,0,Tidak Lulus,Ya,4695,0.0,96.0,,1.0,Kota,Y
45,LP001137,Wanita,No,0,Lulus,Tidak,3410,0.0,88.0,,1.0,Kota,Y
46,LP001138,Pria,Yes,1,Lulus,Tidak,5649,0.0,44.0,360.0,1.0,Kota,Y
47,LP001144,Pria,Yes,0,Lulus,Tidak,5821,0.0,144.0,360.0,1.0,Kota,Y
48,LP001146,Wanita,Yes,0,Lulus,Tidak,2645,3440.0,120.0,360.0,0.0,Kota,N
49,LP001151,Wanita,No,0,Lulus,Tidak,4000,2275.0,144.0,360.0,1.0,Pingiran Kota,Y
50,LP001155,Wanita,Yes,0,Tidak Lulus,Tidak,1928,1644.0,100.0,360.0,1.0,Pingiran Kota,Y
51,LP001157,Wanita,No,0,Lulus,Tidak,3086,0.0,120.0,360.0,1.0,Pingiran Kota,Y
52,LP001164,Wanita,No,0,Lulus,Tidak,4230,0.0,112.0,360.0,1.0,Pingiran Kota,N
53,LP001179,Pria,Yes,2,Lulus,Tidak,4616,0.0,134.0,360.0,1.0,Kota,N
54,LP001186,Wanita,Yes,1,Lulus,Ya,11500,0.0,286.0,360.0,0.0,Kota,N
55,LP001194,Pria,Yes,2,Lulus,Tidak,2708,1167.0,97.0,360.0,1.0,Pingiran Kota,Y
56,LP001195,Pria,Yes,0,Lulus,Tidak,2132,1591.0,96.0,360.0,1.0,Pingiran Kota,Y
57,LP001197,Pria,Yes,0,Lulus,Tidak,3366,2200.0,135.0,360.0,1.0,Desa,N
58,LP001198,Pria,Yes,1,Lulus,Tidak,8080,2250.0,180.0,360.0,1.0,Kota,Y
59,LP001199,Pria,Yes,2,Tidak Lulus,Tidak,3357,2859.0,144.0,360.0,1.0,Kota,Y
60,LP001205,Pria,Yes,0,Lulus,Tidak,2500,3796.0,120.0,360.0,1.0,Kota,Y
61,LP001206,Pria,Yes,3+,Lulus,Tidak,3029,0.0,99.0,360.0,1.0,Kota,Y
62,LP001207,Pria,Yes,0,Tidak Lulus,Ya,2609,3449.0,165.0,180.0,0.0,Desa,N
63,LP001213,Pria,Yes,1,Lulus,Tidak,4945,0.0,,360.0,0.0,Desa,N
64,LP001222,Wanita,No,0,Lulus,Tidak,4166,0.0,116.0,360.0,0.0,Pingiran Kota,N
65,LP001225,Pria,Yes,0,Lulus,Tidak,5726,4595.0,258.0,360.0,1.0,Pingiran Kota,N
66,LP001228,Pria,No,0,Tidak Lulus,Tidak,3200,2254.0,126.0,180.0,0.0,Kota,N
67,LP001233,Pria,Yes,1,Lulus,Tidak,10750,0.0,312.0,360.0,1.0,Kota,Y
68,LP001238,Pria,Yes,3+,Tidak Lulus,Ya,7100,0.0,125.0,60.0,1.0,Kota,Y
69,LP001241,Wanita,No,0,Lulus,Tidak,4300,0.0,136.0,360.0,0.0,Pingiran Kota,N
70,LP001243,Pria,Yes,0,Lulus,Tidak,3208,3066.0,172.0,360.0,1.0,Kota,Y
71,LP001245,Pria,Yes,2,Tidak Lulus,Ya,1875,1875.0,97.0,360.0,1.0,Pingiran Kota,Y
72,LP001248,Pria,No,0,Lulus,Tidak,3500,0.0,81.0,300.0,1.0,Pingiran Kota,Y
73,LP001250,Pria,Yes,3+,Tidak Lulus,Tidak,4755,0.0,95.0,,0.0,Pingiran Kota,N
74,LP001253,Pria,Yes,3+,Lulus,Ya,5266,1774.0,187.0,360.0,1.0,Pingiran Kota,Y
75,LP001255,Pria,No,0,Lulus,Tidak,3750,0.0,113.0,480.0,1.0,Kota,N
76,LP001256,Pria,No,0,Lulus,Tidak,3750,4750.0,176.0,360.0,1.0,Kota,N
77,LP001259,Pria,Yes,1,Lulus,Ya,1000,3022.0,110.0,360.0,1.0,Kota,N
78,LP001263,Pria,Yes,3+,Lulus,Tidak,3167,4000.0,180.0,300.0,0.0,Pingiran Kota,N
79,LP001264,Pria,Yes,3+,Tidak Lulus,Ya,3333,2166.0,130.0,360.0,,Pingiran Kota,Y
80,LP001265,Wanita,No,0,Lulus,Tidak,3846,0.0,111.0,360.0,1.0,Pingiran Kota,Y
81,LP001266,Pria,Yes,1,Lulus,Ya,2395,0.0,,360.0,1.0,Pingiran Kota,Y
82,LP001267,Wanita,Yes,2,Lulus,Tidak,1378,1881.0,167.0,360.0,1.0,Kota,N
83,LP001273,Pria,Yes,0,Lulus,Tidak,6000,2250.0,265.0,360.0,,Pingiran Kota,N
84,LP001275,Pria,Yes,1,Lulus,Tidak,3988,0.0,50.0,240.0,1.0,Kota,Y
85,LP001279,Pria,No,0,Lulus,Tidak,2366,2531.0,136.0,360.0,1.0,Pingiran Kota,Y
86,LP001280,Pria,Yes,2,Tidak Lulus,Tidak,3333,2000.0,99.0,360.0,,Pingiran Kota,Y
87,LP001282,Pria,Yes,0,Lulus,Tidak,2500,2118.0,104.0,360.0,1.0,Pingiran Kota,Y
88,LP001289,Pria,No,0,Lulus,Tidak,8566,0.0,210.0,360.0,1.0,Kota,Y
89,LP001310,Pria,Yes,0,Lulus,Tidak,5695,4167.0,175.0,360.0,1.0,Pingiran Kota,Y
90,LP001316,Pria,Yes,0,Lulus,Tidak,2958,2900.0,131.0,360.0,1.0,Pingiran Kota,Y
91,LP001318,Pria,Yes,2,Lulus,Tidak,6250,5654.0,188.0,180.0,1.0,Pingiran Kota,Y
92,LP001319,Pria,Yes,2,Tidak Lulus,Tidak,3273,1820.0,81.0,360.0,1.0,Kota,Y
93,LP001322,Pria,No,0,Lulus,Tidak,4133,0.0,122.0,360.0,1.0,Pingiran Kota,Y
94,LP001325,Pria,No,0,Tidak Lulus,Tidak,3620,0.0,25.0,120.0,1.0,Pingiran Kota,Y
95,LP001326,Pria,No,0,Lulus,Tidak,6782,0.0,,360.0,,Kota,N
96,LP001327,Wanita,Yes,0,Lulus,Tidak,2484,2302.0,137.0,360.0,1.0,Pingiran Kota,Y
97,LP001333,Pria,Yes,0,Lulus,Tidak,1977,997.0,50.0,360.0,1.0,Pingiran Kota,Y
98,LP001334,Pria,Yes,0,Tidak Lulus,Tidak,4188,0.0,115.0,180.0,1.0,Pingiran Kota,Y
99,LP001343,Pria,Yes,0,Lulus,Tidak,1759,3541.0,131.0,360.0,1.0,Pingiran Kota,Y
100,LP001345,Pria,Yes,2,Tidak Lulus,Tidak,4288,3263.0,133.0,180.0,1.0,Kota,Y
101,LP001349,Pria,No,0,Lulus,Tidak,4843,3806.0,151.0,360.0,1.0,Pingiran Kota,Y
102,LP001350,Pria,Yes,,Lulus,Tidak,13650,0.0,,360.0,1.0,Kota,Y
103,LP001356,Pria,Yes,0,Lulus,Tidak,4652,3583.0,,360.0,1.0,Pingiran Kota,Y
104,LP001357,Pria,,,Lulus,Tidak,3816,754.0,160.0,360.0,1.0,Kota,Y
105,LP001367,Pria,Yes,1,Lulus,Tidak,3052,1030.0,100.0,360.0,1.0,Kota,Y
106,LP001369,Pria,Yes,2,Lulus,Tidak,11417,1126.0,225.0,360.0,1.0,Kota,Y
107,LP001370,Pria,No,0,Tidak Lulus,Tidak,7333,0.0,120.0,360.0,1.0,Desa,N
108,LP001379,Pria,Yes,2,Lulus,Tidak,3800,3600.0,216.0,360.0,0.0,Kota,N
109,LP001384,Pria,Yes,3+,Tidak Lulus,Tidak,2071,754.0,94.0,480.0,1.0,Pingiran Kota,Y
110,LP001385,Pria,No,0,Lulus,Tidak,5316,0.0,136.0,360.0,1.0,Kota,Y
111,LP001387,Wanita,Yes,0,Lulus,Tidak,2929,2333.0,139.0,360.0,1.0,Pingiran Kota,Y
112,LP001391,Pria,Yes,0,Tidak Lulus,Tidak,3572,4114.0,152.0,,0.0,Desa,N
113,LP001392,Wanita,No,1,Lulus,Ya,7451,0.0,,360.0,1.0,Pingiran Kota,Y
114,LP001398,Pria,No,0,Lulus,Tidak,5050,0.0,118.0,360.0,1.0,Pingiran Kota,Y
115,LP001401,Pria,Yes,1,Lulus,Tidak,14583,0.0,185.0,180.0,1.0,Desa,Y
116,LP001404,Wanita,Yes,0,Lulus,Tidak,3167,2283.0,154.0,360.0,1.0,Pingiran Kota,Y
117,LP001405,Pria,Yes,1,Lulus,Tidak,2214,1398.0,85.0,360.0,,Kota,Y
118,LP001421,Pria,Yes,0,Lulus,Tidak,5568,2142.0,175.0,360.0,1.0,Desa,N
119,LP001422,Wanita,No,0,Lulus,Tidak,10408,0.0,259.0,360.0,1.0,Kota,Y
120,LP001426,Pria,Yes,,Lulus,Tidak,5667,2667.0,180.0,360.0,1.0,Desa,Y
121,LP001430,Wanita,No,0,Lulus,Tidak,4166,0.0,44.0,360.0,1.0,Pingiran Kota,Y
122,LP001431,Wanita,No,0,Lulus,Tidak,2137,8980.0,137.0,360.0,0.0,Pingiran Kota,Y
123,LP001432,Pria,Yes,2,Lulus,Tidak,2957,0.0,81.0,360.0,1.0,Pingiran Kota,Y
124,LP001439,Pria,Yes,0,Tidak Lulus,Tidak,4300,2014.0,194.0,360.0,1.0,Desa,Y
125,LP001443,Wanita,No,0,Lulus,Tidak,3692,0.0,93.0,360.0,,Desa,Y
126,LP001448,Wanita,Yes,3+,Lulus,Tidak,23803,0.0,370.0,360.0,1.0,Desa,Y
127,LP001449,Pria,No,0,Lulus,Tidak,3865,1640.0,,360.0,1.0,Desa,Y
128,LP001451,Pria,Yes,1,Lulus,Ya,10513,3850.0,160.0,180.0,0.0,Kota,N
129,LP001465,Pria,Yes,0,Lulus,Tidak,6080,2569.0,182.0,360.0,,Desa,N
130,LP001469,Pria,No,0,Lulus,Ya,20166,0.0,650.0,480.0,,Kota,Y
131,LP001473,Pria,No,0,Lulus,Tidak,2014,1929.0,74.0,360.0,1.0,Kota,Y
132,LP001478,Pria,No,0,Lulus,Tidak,2718,0.0,70.0,360.0,1.0,Pingiran Kota,Y
133,LP001482,Pria,Yes,0,Lulus,Ya,3459,0.0,25.0,120.0,1.0,Pingiran Kota,Y
134,LP001487,Pria,No,0,Lulus,Tidak,4895,0.0,102.0,360.0,1.0,Pingiran Kota,Y
135,LP001488,Pria,Yes,3+,Lulus,Tidak,4000,7750.0,290.0,360.0,1.0,Pingiran Kota,N
136,LP001489,Wanita,Yes,0,Lulus,Tidak,4583,0.0,84.0,360.0,1.0,Desa,N
137,LP001491,Pria,Yes,2,Lulus,Ya,3316,3500.0,88.0,360.0,1.0,Kota,Y
138,LP001492,Pria,No,0,Lulus,Tidak,14999,0.0,242.0,360.0,0.0,Pingiran Kota,N
139,LP001493,Pria,Yes,2,Tidak Lulus,Tidak,4200,1430.0,129.0,360.0,1.0,Desa,N
140,LP001497,Pria,Yes,2,Lulus,Tidak,5042,2083.0,185.0,360.0,1.0,Desa,N
141,LP001498,Pria,No,0,Lulus,Tidak,5417,0.0,168.0,360.0,1.0,Kota,Y
142,LP001504,Pria,No,0,Lulus,Ya,6950,0.0,175.0,180.0,1.0,Pingiran Kota,Y
143,LP001507,Pria,Yes,0,Lulus,Tidak,2698,2034.0,122.0,360.0,1.0,Pingiran Kota,Y
144,LP001508,Pria,Yes,2,Lulus,Tidak,11757,0.0,187.0,180.0,1.0,Kota,Y
145,LP001514,Wanita,Yes,0,Lulus,Tidak,2330,4486.0,100.0,360.0,1.0,Pingiran Kota,Y
146,LP001516,Wanita,Yes,2,Lulus,Tidak,14866,0.0,70.0,360.0,1.0,Kota,Y
147,LP001518,Pria,Yes,1,Lulus,Tidak,1538,1425.0,30.0,360.0,1.0,Kota,Y
148,LP001519,Wanita,No,0,Lulus,Tidak,10000,1666.0,225.0,360.0,1.0,Desa,N
149,LP001520,Pria,Yes,0,Lulus,Tidak,4860,830.0,125.0,360.0,1.0,Pingiran Kota,Y
150,LP001528,Pria,No,0,Lulus,Tidak,6277,0.0,118.0,360.0,0.0,Desa,N
151,LP001529,Pria,Yes,0,Lulus,Ya,2577,3750.0,152.0,360.0,1.0,Desa,Y
152,LP001531,Pria,No,0,Lulus,Tidak,9166,0.0,244.0,360.0,1.0,Kota,N
153,LP001532,Pria,Yes,2,Tidak Lulus,Tidak,2281,0.0,113.0,360.0,1.0,Desa,N
154,LP001535,Pria,No,0,Lulus,Tidak,3254,0.0,50.0,360.0,1.0,Kota,Y
155,LP001536,Pria,Yes,3+,Lulus,Tidak,39999,0.0,600.0,180.0,0.0,Pingiran Kota,Y
156,LP001541,Pria,Yes,1,Lulus,Tidak,6000,0.0,160.0,360.0,,Desa,Y
157,LP001543,Pria,Yes,1,Lulus,Tidak,9538,0.0,187.0,360.0,1.0,Kota,Y
158,LP001546,Pria,No,0,Lulus,Tidak,2980,2083.0,120.0,360.0,1.0,Desa,Y
159,LP001552,Pria,Yes,0,Lulus,Tidak,4583,5625.0,255.0,360.0,1.0,Pingiran Kota,Y
160,LP001560,Pria,Yes,0,Tidak Lulus,Tidak,1863,1041.0,98.0,360.0,1.0,Pingiran Kota,Y
161,LP001562,Pria,Yes,0,Lulus,Tidak,7933,0.0,275.0,360.0,1.0,Kota,N
162,LP001565,Pria,Yes,1,Lulus,Tidak,3089,1280.0,121.0,360.0,0.0,Pingiran Kota,N
163,LP001570,Pria,Yes,2,Lulus,Tidak,4167,1447.0,158.0,360.0,1.0,Desa,Y
164,LP001572,Pria,Yes,0,Lulus,Tidak,9323,0.0,75.0,180.0,1.0,Kota,Y
165,LP001574,Pria,Yes,0,Lulus,Tidak,3707,3166.0,182.0,,1.0,Desa,Y
166,LP001577,Wanita,Yes,0,Lulus,Tidak,4583,0.0,112.0,360.0,1.0,Desa,N
167,LP001578,Pria,Yes,0,Lulus,Tidak,2439,3333.0,129.0,360.0,1.0,Desa,Y
168,LP001579,Pria,No,0,Lulus,Tidak,2237,0.0,63.0,480.0,0.0,Pingiran Kota,N
169,LP001580,Pria,Yes,2,Lulus,Tidak,8000,0.0,200.0,360.0,1.0,Pingiran Kota,Y
170,LP001581,Pria,Yes,0,Tidak Lulus,Tidak,1820,1769.0,95.0,360.0,1.0,Desa,Y
171,LP001585,Wanita,Yes,3+,Lulus,Tidak,51763,0.0,700.0,300.0,1.0,Kota,Y
172,LP001586,Pria,Yes,3+,Tidak Lulus,Tidak,3522,0.0,81.0,180.0,1.0,Desa,N
173,LP001594,Pria,Yes,0,Lulus,Tidak,5708,5625.0,187.0,360.0,1.0,Pingiran Kota,Y
174,LP001603,Pria,Yes,0,Tidak Lulus,Ya,4344,736.0,87.0,360.0,1.0,Pingiran Kota,N
175,LP001606,Pria,Yes,0,Lulus,Tidak,3497,1964.0,116.0,360.0,1.0,Desa,Y
176,LP001608,Pria,Yes,2,Lulus,Tidak,2045,1619.0,101.0,360.0,1.0,Desa,Y
177,LP001610,Pria,Yes,3+,Lulus,Tidak,5516,11300.0,495.0,360.0,0.0,Pingiran Kota,N
178,LP001616,Pria,Yes,1,Lulus,Tidak,3750,0.0,116.0,360.0,1.0,Pingiran Kota,Y
179,LP001630,Pria,No,0,Tidak Lulus,Tidak,2333,1451.0,102.0,480.0,0.0,Kota,N
180,LP001633,Pria,Yes,1,Lulus,Tidak,6400,7250.0,180.0,360.0,0.0,Kota,N
181,LP001634,Pria,No,0,Lulus,Tidak,1916,5063.0,67.0,360.0,,Desa,N
182,LP001636,Pria,Yes,0,Lulus,Tidak,4600,0.0,73.0,180.0,1.0,Pingiran Kota,Y
183,LP001637,Pria,Yes,1,Lulus,Tidak,33846,0.0,260.0,360.0,1.0,Pingiran Kota,N
184,LP001639,Wanita,Yes,0,Lulus,Tidak,3625,0.0,108.0,360.0,1.0,Pingiran Kota,Y
185,LP001640,Pria,Yes,0,Lulus,Ya,39147,4750.0,120.0,360.0,1.0,Pingiran Kota,Y
186,LP001641,Pria,Yes,1,Lulus,Ya,2178,0.0,66.0,300.0,0.0,Desa,N
187,LP001643,Pria,Yes,0,Lulus,Tidak,2383,2138.0,58.0,360.0,,Desa,Y
188,LP001644,Wanita,Yes,0,Lulus,Ya,674,5296.0,168.0,360.0,1.0,Desa,Y
189,LP001647,Pria,Yes,0,Lulus,Tidak,9328,0.0,188.0,180.0,1.0,Desa,Y
190,LP001653,Pria,No,0,Tidak Lulus,Tidak,4885,0.0,48.0,360.0,1.0,Desa,Y
191,LP001656,Pria,No,0,Lulus,Tidak,12000,0.0,164.0,360.0,1.0,Pingiran Kota,N
192,LP001657,Pria,Yes,0,Tidak Lulus,Tidak,6033,0.0,160.0,360.0,1.0,Kota,N
193,LP001658,Pria,No,0,Lulus,Tidak,3858,0.0,76.0,360.0,1.0,Pingiran Kota,Y
194,LP001664,Pria,No,0,Lulus,Tidak,4191,0.0,120.0,360.0,1.0,Desa,Y
195,LP001665,Pria,Yes,1,Lulus,Tidak,3125,2583.0,170.0,360.0,1.0,Pingiran Kota,N
196,LP001666,Pria,No,0,Lulus,Tidak,8333,3750.0,187.0,360.0,1.0,Desa,Y
197,LP001669,Wanita,No,0,Tidak Lulus,Tidak,1907,2365.0,120.0,,1.0,Kota,Y
198,LP001671,Wanita,Yes,0,Lulus,Tidak,3416,2816.0,113.0,360.0,,Pingiran Kota,Y
199,LP001673,Pria,No,0,Lulus,Ya,11000,0.0,83.0,360.0,1.0,Kota,N
200,LP001674,Pria,Yes,1,Tidak Lulus,Tidak,2600,2500.0,90.0,360.0,1.0,Pingiran Kota,Y
201,LP001677,Pria,No,2,Lulus,Tidak,4923,0.0,166.0,360.0,0.0,Pingiran Kota,Y
202,LP001682,Pria,Yes,3+,Tidak Lulus,Tidak,3992,0.0,,180.0,1.0,Kota,N
203,LP001688,Pria,Yes,1,Tidak Lulus,Tidak,3500,1083.0,135.0,360.0,1.0,Kota,Y
204,LP001691,Pria,Yes,2,Tidak Lulus,Tidak,3917,0.0,124.0,360.0,1.0,Pingiran Kota,Y
205,LP001692,Wanita,No,0,Tidak Lulus,Tidak,4408,0.0,120.0,360.0,1.0,Pingiran Kota,Y
206,LP001693,Wanita,No,0,Lulus,Tidak,3244,0.0,80.0,360.0,1.0,Kota,Y
207,LP001698,Pria,No,0,Tidak Lulus,Tidak,3975,2531.0,55.0,360.0,1.0,Desa,Y
208,LP001699,Pria,No,0,Lulus,Tidak,2479,0.0,59.0,360.0,1.0,Kota,Y
209,LP001702,Pria,No,0,Lulus,Tidak,3418,0.0,127.0,360.0,1.0,Pingiran Kota,N
210,LP001708,Wanita,No,0,Lulus,Tidak,10000,0.0,214.0,360.0,1.0,Pingiran Kota,N
211,LP001711,Pria,Yes,3+,Lulus,Tidak,3430,1250.0,128.0,360.0,0.0,Pingiran Kota,N
212,LP001713,Pria,Yes,1,Lulus,Ya,7787,0.0,240.0,360.0,1.0,Kota,Y
213,LP001715,Pria,Yes,3+,Tidak Lulus,Ya,5703,0.0,130.0,360.0,1.0,Desa,Y
214,LP001716,Pria,Yes,0,Lulus,Tidak,3173,3021.0,137.0,360.0,1.0,Kota,Y
215,LP001720,Pria,Yes,3+,Tidak Lulus,Tidak,3850,983.0,100.0,360.0,1.0,Pingiran Kota,Y
216,LP001722,Pria,Yes,0,Lulus,Tidak,150,1800.0,135.0,360.0,1.0,Desa,N
217,LP001726,Pria,Yes,0,Lulus,Tidak,3727,1775.0,131.0,360.0,1.0,Pingiran Kota,Y
218,LP001732,Pria,Yes,2,Lulus,Tidak,5000,0.0,72.0,360.0,0.0,Pingiran Kota,N
219,LP001734,Wanita,Yes,2,Lulus,Tidak,4283,2383.0,127.0,360.0,,Pingiran Kota,Y
220,LP001736,Pria,Yes,0,Lulus,Tidak,2221,0.0,60.0,360.0,0.0,Kota,N
221,LP001743,Pria,Yes,2,Lulus,Tidak,4009,1717.0,116.0,360.0,1.0,Pingiran Kota,Y
222,LP001744,Pria,No,0,Lulus,Tidak,2971,2791.0,144.0,360.0,1.0,Pingiran Kota,Y
223,LP001749,Pria,Yes,0,Lulus,Tidak,7578,1010.0,175.0,,1.0,Pingiran Kota,Y
224,LP001750,Pria,Yes,0,Lulus,Tidak,6250,0.0,128.0,360.0,1.0,Pingiran Kota,Y
225,LP001751,Pria,Yes,0,Lulus,Tidak,3250,0.0,170.0,360.0,1.0,Desa,N
226,LP001754,Pria,Yes,,Tidak Lulus,Ya,4735,0.0,138.0,360.0,1.0,Kota,N
227,LP001758,Pria,Yes,2,Lulus,Tidak,6250,1695.0,210.0,360.0,1.0,Pingiran Kota,Y
228,LP001760,Pria,,,Lulus,Tidak,4758,0.0,158.0,480.0,1.0,Pingiran Kota,Y
229,LP001761,Pria,No,0,Lulus,Ya,6400,0.0,200.0,360.0,1.0,Desa,Y
230,LP001765,Pria,Yes,1,Lulus,Tidak,2491,2054.0,104.0,360.0,1.0,Pingiran Kota,Y
231,LP001768,Pria,Yes,0,Lulus,Tidak,3716,0.0,42.0,180.0,1.0,Desa,Y
232,LP001770,Pria,No,0,Tidak Lulus,Tidak,3189,2598.0,120.0,,1.0,Desa,Y
233,LP001776,Wanita,No,0,Lulus,Tidak,8333,0.0,280.0,360.0,1.0,Pingiran Kota,Y
234,LP001778,Pria,Yes,1,Lulus,Tidak,3155,1779.0,140.0,360.0,1.0,Pingiran Kota,Y
235,LP001784,Pria,Yes,1,Lulus,Tidak,5500,1260.0,170.0,360.0,1.0,Desa,Y
236,LP001786,Pria,Yes,0,Lulus,Tidak,5746,0.0,255.0,360.0,,Kota,N
237,LP001788,Wanita,No,0,Lulus,Ya,3463,0.0,122.0,360.0,,Kota,Y
238,LP001790,Wanita,No,1,Lulus,Tidak,3812,0.0,112.0,360.0,1.0,Desa,Y
239,LP001792,Pria,Yes,1,Lulus,Tidak,3315,0.0,96.0,360.0,1.0,Pingiran Kota,Y
240,LP001798,Pria,Yes,2,Lulus,Tidak,5819,5000.0,120.0,360.0,1.0,Desa,Y
241,LP001800,Pria,Yes,1,Tidak Lulus,Tidak,2510,1983.0,140.0,180.0,1.0,Kota,N
242,LP001806,Pria,No,0,Lulus,Tidak,2965,5701.0,155.0,60.0,1.0,Kota,Y
243,LP001807,Pria,Yes,2,Lulus,Ya,6250,1300.0,108.0,360.0,1.0,Desa,Y
244,LP001811,Pria,Yes,0,Tidak Lulus,Tidak,3406,4417.0,123.0,360.0,1.0,Pingiran Kota,Y
245,LP001813,Pria,No,0,Lulus,Ya,6050,4333.0,120.0,180.0,1.0,Kota,N
246,LP001814,Pria,Yes,2,Lulus,Tidak,9703,0.0,112.0,360.0,1.0,Kota,Y
247,LP001819,Pria,Yes,1,Tidak Lulus,Tidak,6608,0.0,137.0,180.0,1.0,Kota,Y
248,LP001824,Pria,Yes,1,Lulus,Tidak,2882,1843.0,123.0,480.0,1.0,Pingiran Kota,Y
249,LP001825,Pria,Yes,0,Lulus,Tidak,1809,1868.0,90.0,360.0,1.0,Kota,Y
250,LP001835,Pria,Yes,0,Tidak Lulus,Tidak,1668,3890.0,201.0,360.0,0.0,Pingiran Kota,N
251,LP001836,Wanita,No,2,Lulus,Tidak,3427,0.0,138.0,360.0,1.0,Kota,N
252,LP001841,Pria,No,0,Tidak Lulus,Ya,2583,2167.0,104.0,360.0,1.0,Desa,Y
253,LP001843,Pria,Yes,1,Tidak Lulus,Tidak,2661,7101.0,279.0,180.0,1.0,Pingiran Kota,Y
254,LP001844,Pria,No,0,Lulus,Ya,16250,0.0,192.0,360.0,0.0,Kota,N
255,LP001846,Wanita,No,3+,Lulus,Tidak,3083,0.0,255.0,360.0,1.0,Desa,Y
256,LP001849,Pria,No,0,Tidak Lulus,Tidak,6045,0.0,115.0,360.0,0.0,Desa,N
257,LP001854,Pria,Yes,3+,Lulus,Tidak,5250,0.0,94.0,360.0,1.0,Kota,N
258,LP001859,Pria,Yes,0,Lulus,Tidak,14683,2100.0,304.0,360.0,1.0,Desa,N
259,LP001864,Pria,Yes,3+,Tidak Lulus,Tidak,4931,0.0,128.0,360.0,,Pingiran Kota,N
260,LP001865,Pria,Yes,1,Lulus,Tidak,6083,4250.0,330.0,360.0,,Kota,Y
261,LP001868,Pria,No,0,Lulus,Tidak,2060,2209.0,134.0,360.0,1.0,Pingiran Kota,Y
262,LP001870,Wanita,No,1,Lulus,Tidak,3481,0.0,155.0,36.0,1.0,Pingiran Kota,N
263,LP001871,Wanita,No,0,Lulus,Tidak,7200,0.0,120.0,360.0,1.0,Desa,Y
264,LP001872,Pria,No,0,Lulus,Ya,5166,0.0,128.0,360.0,1.0,Pingiran Kota,Y
265,LP001875,Pria,No,0,Lulus,Tidak,4095,3447.0,151.0,360.0,1.0,Desa,Y
266,LP001877,Pria,Yes,2,Lulus,Tidak,4708,1387.0,150.0,360.0,1.0,Pingiran Kota,Y
267,LP001882,Pria,Yes,3+,Lulus,Tidak,4333,1811.0,160.0,360.0,0.0,Kota,Y
268,LP001883,Wanita,No,0,Lulus,Tidak,3418,0.0,135.0,360.0,1.0,Desa,N
269,LP001884,Wanita,No,1,Lulus,Tidak,2876,1560.0,90.0,360.0,1.0,Kota,Y
270,LP001888,Wanita,No,0,Lulus,Tidak,3237,0.0,30.0,360.0,1.0,Kota,Y
271,LP001891,Pria,Yes,0,Lulus,Tidak,11146,0.0,136.0,360.0,1.0,Kota,Y
272,LP001892,Pria,No,0,Lulus,Tidak,2833,1857.0,126.0,360.0,1.0,Desa,Y
273,LP001894,Pria,Yes,0,Lulus,Tidak,2620,2223.0,150.0,360.0,1.0,Pingiran Kota,Y
274,LP001896,Pria,Yes,2,Lulus,Tidak,3900,0.0,90.0,360.0,1.0,Pingiran Kota,Y
275,LP001900,Pria,Yes,1,Lulus,Tidak,2750,1842.0,115.0,360.0,1.0,Pingiran Kota,Y
276,LP001903,Pria,Yes,0,Lulus,Tidak,3993,3274.0,207.0,360.0,1.0,Pingiran Kota,Y
277,LP001904,Pria,Yes,0,Lulus,Tidak,3103,1300.0,80.0,360.0,1.0,Kota,Y
278,LP001907,Pria,Yes,0,Lulus,Tidak,14583,0.0,436.0,360.0,1.0,Pingiran Kota,Y
279,LP001908,Wanita,Yes,0,Tidak Lulus,Tidak,4100,0.0,124.0,360.0,,Desa,Y
280,LP001910,Pria,No,1,Tidak Lulus,Ya,4053,2426.0,158.0,360.0,0.0,Kota,N
281,LP001914,Pria,Yes,0,Lulus,Tidak,3927,800.0,112.0,360.0,1.0,Pingiran Kota,Y
282,LP001915,Pria,Yes,2,Lulus,Tidak,2301,985.7999878,78.0,180.0,1.0,Kota,Y
283,LP001917,Wanita,No,0,Lulus,Tidak,1811,1666.0,54.0,360.0,1.0,Kota,Y
284,LP001922,Pria,Yes,0,Lulus,Tidak,20667,0.0,,360.0,1.0,Desa,N
285,LP001924,Pria,No,0,Lulus,Tidak,3158,3053.0,89.0,360.0,1.0,Desa,Y
286,LP001925,Wanita,No,0,Lulus,Ya,2600,1717.0,99.0,300.0,1.0,Pingiran Kota,N
287,LP001926,Pria,Yes,0,Lulus,Tidak,3704,2000.0,120.0,360.0,1.0,Desa,Y
288,LP001931,Wanita,No,0,Lulus,Tidak,4124,0.0,115.0,360.0,1.0,Pingiran Kota,Y
289,LP001935,Pria,No,0,Lulus,Tidak,9508,0.0,187.0,360.0,1.0,Desa,Y
290,LP001936,Pria,Yes,0,Lulus,Tidak,3075,2416.0,139.0,360.0,1.0,Desa,Y
291,LP001938,Pria,Yes,2,Lulus,Tidak,4400,0.0,127.0,360.0,0.0,Pingiran Kota,N
292,LP001940,Pria,Yes,2,Lulus,Tidak,3153,1560.0,134.0,360.0,1.0,Kota,Y
293,LP001945,Wanita,No,,Lulus,Tidak,5417,0.0,143.0,480.0,0.0,Kota,N
294,LP001947,Pria,Yes,0,Lulus,Tidak,2383,3334.0,172.0,360.0,1.0,Pingiran Kota,Y
295,LP001949,Pria,Yes,3+,Lulus,Tidak,4416,1250.0,110.0,360.0,1.0,Kota,Y
296,LP001953,Pria,Yes,1,Lulus,Tidak,6875,0.0,200.0,360.0,1.0,Pingiran Kota,Y
297,LP001954,Wanita,Yes,1,Lulus,Tidak,4666,0.0,135.0,360.0,1.0,Kota,Y
298,LP001955,Wanita,No,0,Lulus,Tidak,5000,2541.0,151.0,480.0,1.0,Desa,N
299,LP001963,Pria,Yes,1,Lulus,Tidak,2014,2925.0,113.0,360.0,1.0,Kota,N
300,LP001964,Pria,Yes,0,Tidak Lulus,Tidak,1800,2934.0,93.0,360.0,0.0,Kota,N
301,LP001972,Pria,Yes,,Tidak Lulus,Tidak,2875,1750.0,105.0,360.0,1.0,Pingiran Kota,Y
302,LP001974,Wanita,No,0,Lulus,Tidak,5000,0.0,132.0,360.0,1.0,Desa,Y
303,LP001977,Pria,Yes,1,Lulus,Tidak,1625,1803.0,96.0,360.0,1.0,Kota,Y
304,LP001978,Pria,No,0,Lulus,Tidak,4000,2500.0,140.0,360.0,1.0,Desa,Y
305,LP001990,Pria,No,0,Tidak Lulus,Tidak,2000,0.0,,360.0,1.0,Kota,N
306,LP001993,Wanita,No,0,Lulus,Tidak,3762,1666.0,135.0,360.0,1.0,Desa,Y
307,LP001994,Wanita,No,0,Lulus,Tidak,2400,1863.0,104.0,360.0,0.0,Kota,N
308,LP001996,Pria,No,0,Lulus,Tidak,20233,0.0,480.0,360.0,1.0,Desa,N
309,LP001998,Pria,Yes,2,Tidak Lulus,Tidak,7667,0.0,185.0,360.0,,Desa,Y
310,LP002002,Wanita,No,0,Lulus,Tidak,2917,0.0,84.0,360.0,1.0,Pingiran Kota,Y
311,LP002004,Pria,No,0,Tidak Lulus,Tidak,2927,2405.0,111.0,360.0,1.0,Pingiran Kota,Y
312,LP002006,Wanita,No,0,Lulus,Tidak,2507,0.0,56.0,360.0,1.0,Desa,Y
313,LP002008,Pria,Yes,2,Lulus,Ya,5746,0.0,144.0,84.0,,Desa,Y
314,LP002024,Wanita,Yes,0,Lulus,Tidak,2473,1843.0,159.0,360.0,1.0,Desa,N
315,LP002031,Pria,Yes,1,Tidak Lulus,Tidak,3399,1640.0,111.0,180.0,1.0,Kota,Y
316,LP002035,Pria,Yes,2,Lulus,Tidak,3717,0.0,120.0,360.0,1.0,Pingiran Kota,Y
317,LP002036,Pria,Yes,0,Lulus,Tidak,2058,2134.0,88.0,360.0,,Kota,Y
318,LP002043,Wanita,No,1,Lulus,Tidak,3541,0.0,112.0,360.0,,Pingiran Kota,Y
319,LP002050,Pria,Yes,1,Lulus,Ya,10000,0.0,155.0,360.0,1.0,Desa,N
320,LP002051,Pria,Yes,0,Lulus,Tidak,2400,2167.0,115.0,360.0,1.0,Pingiran Kota,Y
321,LP002053,Pria,Yes,3+,Lulus,Tidak,4342,189.0,124.0,360.0,1.0,Pingiran Kota,Y
322,LP002054,Pria,Yes,2,Tidak Lulus,Tidak,3601,1590.0,,360.0,1.0,Desa,Y
323,LP002055,Wanita,No,0,Lulus,Tidak,3166,2985.0,132.0,360.0,,Desa,Y
324,LP002065,Pria,Yes,3+,Lulus,Tidak,15000,0.0,300.0,360.0,1.0,Desa,Y
325,LP002067,Pria,Yes,1,Lulus,Ya,8666,4983.0,376.0,360.0,0.0,Desa,N
326,LP002068,Pria,No,0,Lulus,Tidak,4917,0.0,130.0,360.0,0.0,Desa,Y
327,LP002082,Pria,Yes,0,Lulus,Ya,5818,2160.0,184.0,360.0,1.0,Pingiran Kota,Y
328,LP002086,Wanita,Yes,0,Lulus,Tidak,4333,2451.0,110.0,360.0,1.0,Kota,N
329,LP002087,Wanita,No,0,Lulus,Tidak,2500,0.0,67.0,360.0,1.0,Kota,Y
330,LP002097,Pria,No,1,Lulus,Tidak,4384,1793.0,117.0,360.0,1.0,Kota,Y
331,LP002098,Pria,No,0,Lulus,Tidak,2935,0.0,98.0,360.0,1.0,Pingiran Kota,Y
332,LP002100,Pria,No,,Lulus,Tidak,2833,0.0,71.0,360.0,1.0,Kota,Y
333,LP002101,Pria,Yes,0,Lulus,Tidak,63337,0.0,490.0,180.0,1.0,Kota,Y
334,LP002103,Wanita,Yes,1,Lulus,Ya,9833,1833.0,182.0,180.0,1.0,Kota,Y
335,LP002106,Pria,Yes,,Lulus,Ya,5503,4490.0,70.0,,1.0,Pingiran Kota,Y
336,LP002110,Pria,Yes,1,Lulus,Tidak,5250,688.0,160.0,360.0,1.0,Desa,Y
337,LP002112,Pria,Yes,2,Lulus,Ya,2500,4600.0,176.0,360.0,1.0,Desa,Y
338,LP002113,Wanita,No,3+,Tidak Lulus,Tidak,1830,0.0,,360.0,0.0,Kota,N
339,LP002114,Wanita,No,0,Lulus,Tidak,4160,0.0,71.0,360.0,1.0,Pingiran Kota,Y
340,LP002115,Pria,Yes,3+,Tidak Lulus,Tidak,2647,1587.0,173.0,360.0,1.0,Desa,N
341,LP002116,Wanita,No,0,Lulus,Tidak,2378,0.0,46.0,360.0,1.0,Desa,N
342,LP002119,Pria,Yes,1,Tidak Lulus,Tidak,4554,1229.0,158.0,360.0,1.0,Kota,Y
343,LP002126,Pria,Yes,3+,Tidak Lulus,Tidak,3173,0.0,74.0,360.0,1.0,Pingiran Kota,Y
344,LP002128,Pria,Yes,2,Lulus,Tidak,2583,2330.0,125.0,360.0,1.0,Desa,Y
345,LP002129,Pria,Yes,0,Lulus,Tidak,2499,2458.0,160.0,360.0,1.0,Pingiran Kota,Y
346,LP002130,Pria,Yes,,Tidak Lulus,Tidak,3523,3230.0,152.0,360.0,0.0,Desa,N
347,LP002131,Pria,Yes,2,Tidak Lulus,Tidak,3083,2168.0,126.0,360.0,1.0,Kota,Y
348,LP002137,Pria,Yes,0,Lulus,Tidak,6333,4583.0,259.0,360.0,,Pingiran Kota,Y
349,LP002138,Pria,Yes,0,Lulus,Tidak,2625,6250.0,187.0,360.0,1.0,Desa,Y
350,LP002139,Pria,Yes,0,Lulus,Tidak,9083,0.0,228.0,360.0,1.0,Pingiran Kota,Y
351,LP002140,Pria,No,0,Lulus,Tidak,8750,4167.0,308.0,360.0,1.0,Desa,N
352,LP002141,Pria,Yes,3+,Lulus,Tidak,2666,2083.0,95.0,360.0,1.0,Desa,Y
353,LP002142,Wanita,Yes,0,Lulus,Ya,5500,0.0,105.0,360.0,0.0,Desa,N
354,LP002143,Wanita,Yes,0,Lulus,Tidak,2423,505.0,130.0,360.0,1.0,Pingiran Kota,Y
355,LP002144,Wanita,No,,Lulus,Tidak,3813,0.0,116.0,180.0,1.0,Kota,Y
356,LP002149,Pria,Yes,2,Lulus,Tidak,8333,3167.0,165.0,360.0,1.0,Desa,Y
357,LP002151,Pria,Yes,1,Lulus,Tidak,3875,0.0,67.0,360.0,1.0,Kota,N
358,LP002158,Pria,Yes,0,Tidak Lulus,Tidak,3000,1666.0,100.0,480.0,0.0,Kota,N
359,LP002160,Pria,Yes,3+,Lulus,Tidak,5167,3167.0,200.0,360.0,1.0,Pingiran Kota,Y
360,LP002161,Wanita,No,1,Lulus,Tidak,4723,0.0,81.0,360.0,1.0,Pingiran Kota,N
361,LP002170,Pria,Yes,2,Lulus,Tidak,5000,3667.0,236.0,360.0,1.0,Pingiran Kota,Y
362,LP002175,Pria,Yes,0,Lulus,Tidak,4750,2333.0,130.0,360.0,1.0,Kota,Y
363,LP002178,Pria,Yes,0,Lulus,Tidak,3013,3033.0,95.0,300.0,,Kota,Y
364,LP002180,Pria,No,0,Lulus,Ya,6822,0.0,141.0,360.0,1.0,Desa,Y
365,LP002181,Pria,No,0,Tidak Lulus,Tidak,6216,0.0,133.0,360.0,1.0,Desa,N
366,LP002187,Pria,No,0,Lulus,Tidak,2500,0.0,96.0,480.0,1.0,Pingiran Kota,N
367,LP002188,Pria,No,0,Lulus,Tidak,5124,0.0,124.0,,0.0,Desa,N
368,LP002190,Pria,Yes,1,Lulus,Tidak,6325,0.0,175.0,360.0,1.0,Pingiran Kota,Y
369,LP002191,Pria,Yes,0,Lulus,Tidak,19730,5266.0,570.0,360.0,1.0,Desa,N
370,LP002194,Wanita,No,0,Lulus,Ya,15759,0.0,55.0,360.0,1.0,Pingiran Kota,Y
371,LP002197,Pria,Yes,2,Lulus,Tidak,5185,0.0,155.0,360.0,1.0,Pingiran Kota,Y
372,LP002201,Pria,Yes,2,Lulus,Ya,9323,7873.0,380.0,300.0,1.0,Desa,Y
373,LP002205,Pria,No,1,Lulus,Tidak,3062,1987.0,111.0,180.0,0.0,Kota,N
374,LP002209,Wanita,No,0,Lulus,Tidak,2764,1459.0,110.0,360.0,1.0,Kota,Y
375,LP002211,Pria,Yes,0,Lulus,Tidak,4817,923.0,120.0,180.0,1.0,Kota,Y
376,LP002219,Pria,Yes,3+,Lulus,Tidak,8750,4996.0,130.0,360.0,1.0,Desa,Y
377,LP002223,Pria,Yes,0,Lulus,Tidak,4310,0.0,130.0,360.0,,Pingiran Kota,Y
378,LP002224,Pria,No,0,Lulus,Tidak,3069,0.0,71.0,480.0,1.0,Kota,N
379,LP002225,Pria,Yes,2,Lulus,Tidak,5391,0.0,130.0,360.0,1.0,Kota,Y
380,LP002226,Pria,Yes,0,Lulus,Tidak,3333,2500.0,128.0,360.0,1.0,Pingiran Kota,Y
381,LP002229,Pria,No,0,Lulus,Tidak,5941,4232.0,296.0,360.0,1.0,Pingiran Kota,Y
382,LP002231,Wanita,No,0,Lulus,Tidak,6000,0.0,156.0,360.0,1.0,Kota,Y
383,LP002234,Pria,No,0,Lulus,Ya,7167,0.0,128.0,360.0,1.0,Kota,Y
384,LP002236,Pria,Yes,2,Lulus,Tidak,4566,0.0,100.0,360.0,1.0,Kota,N
385,LP002237,Pria,No,1,Lulus,Tidak,3667,0.0,113.0,180.0,1.0,Kota,Y
386,LP002239,Pria,No,0,Tidak Lulus,Tidak,2346,1600.0,132.0,360.0,1.0,Pingiran Kota,Y
387,LP002243,Pria,Yes,0,Tidak Lulus,Tidak,3010,3136.0,,360.0,0.0,Kota,N
388,LP002244,Pria,Yes,0,Lulus,Tidak,2333,2417.0,136.0,360.0,1.0,Kota,Y
389,LP002250,Pria,Yes,0,Lulus,Tidak,5488,0.0,125.0,360.0,1.0,Desa,Y
390,LP002255,Pria,No,3+,Lulus,Tidak,9167,0.0,185.0,360.0,1.0,Desa,Y
391,LP002262,Pria,Yes,3+,Lulus,Tidak,9504,0.0,275.0,360.0,1.0,Desa,Y
392,LP002263,Pria,Yes,0,Lulus,Tidak,2583,2115.0,120.0,360.0,,Kota,Y
393,LP002265,Pria,Yes,2,Tidak Lulus,Tidak,1993,1625.0,113.0,180.0,1.0,Pingiran Kota,Y
394,LP002266,Pria,Yes,2,Lulus,Tidak,3100,1400.0,113.0,360.0,1.0,Kota,Y
395,LP002272,Pria,Yes,2,Lulus,Tidak,3276,484.0,135.0,360.0,,Pingiran Kota,Y
396,LP002277,Wanita,No,0,Lulus,Tidak,3180,0.0,71.0,360.0,0.0,Kota,N
397,LP002281,Pria,Yes,0,Lulus,Tidak,3033,1459.0,95.0,360.0,1.0,Kota,Y
398,LP002284,Pria,No,0,Tidak Lulus,Tidak,3902,1666.0,109.0,360.0,1.0,Desa,Y
399,LP002287,Wanita,No,0,Lulus,Tidak,1500,1800.0,103.0,360.0,0.0,Pingiran Kota,N
400,LP002288,Pria,Yes,2,Tidak Lulus,Tidak,2889,0.0,45.0,180.0,0.0,Kota,N
401,LP002296,Pria,No,0,Tidak Lulus,Tidak,2755,0.0,65.0,300.0,1.0,Desa,N
402,LP002297,Pria,No,0,Lulus,Tidak,2500,20000.0,103.0,360.0,1.0,Pingiran Kota,Y
403,LP002300,Wanita,No,0,Tidak Lulus,Tidak,1963,0.0,53.0,360.0,1.0,Pingiran Kota,Y
404,LP002301,Wanita,No,0,Lulus,Ya,7441,0.0,194.0,360.0,1.0,Desa,N
405,LP002305,Wanita,No,0,Lulus,Tidak,4547,0.0,115.0,360.0,1.0,Pingiran Kota,Y
406,LP002308,Pria,Yes,0,Tidak Lulus,Tidak,2167,2400.0,115.0,360.0,1.0,Kota,Y
407,LP002314,Wanita,No,0,Tidak Lulus,Tidak,2213,0.0,66.0,360.0,1.0,Desa,Y
408,LP002315,Pria,Yes,1,Lulus,Tidak,8300,0.0,152.0,300.0,0.0,Pingiran Kota,N
409,LP002317,Pria,Yes,3+,Lulus,Tidak,81000,0.0,360.0,360.0,0.0,Desa,N
410,LP002318,Wanita,No,1,Tidak Lulus,Ya,3867,0.0,62.0,360.0,1.0,Pingiran Kota,N
411,LP002319,Pria,Yes,0,Lulus,Tidak,6256,0.0,160.0,360.0,,Kota,Y
412,LP002328,Pria,Yes,0,Tidak Lulus,Tidak,6096,0.0,218.0,360.0,0.0,Desa,N
413,LP002332,Pria,Yes,0,Tidak Lulus,Tidak,2253,2033.0,110.0,360.0,1.0,Desa,Y
414,LP002335,Wanita,Yes,0,Tidak Lulus,Tidak,2149,3237.0,178.0,360.0,0.0,Pingiran Kota,N
415,LP002337,Wanita,No,0,Lulus,Tidak,2995,0.0,60.0,360.0,1.0,Kota,Y
416,LP002341,Wanita,No,1,Lulus,Tidak,2600,0.0,160.0,360.0,1.0,Kota,N
417,LP002342,Pria,Yes,2,Lulus,Ya,1600,20000.0,239.0,360.0,1.0,Kota,N
418,LP002345,Pria,Yes,0,Lulus,Tidak,1025,2773.0,112.0,360.0,1.0,Desa,Y
419,LP002347,Pria,Yes,0,Lulus,Tidak,3246,1417.0,138.0,360.0,1.0,Pingiran Kota,Y
420,LP002348,Pria,Yes,0,Lulus,Tidak,5829,0.0,138.0,360.0,1.0,Desa,Y
421,LP002357,Wanita,No,0,Tidak Lulus,Tidak,2720,0.0,80.0,,0.0,Kota,N
422,LP002361,Pria,Yes,0,Lulus,Tidak,1820,1719.0,100.0,360.0,1.0,Kota,Y
423,LP002362,Pria,Yes,1,Lulus,Tidak,7250,1667.0,110.0,,0.0,Kota,N
424,LP002364,Pria,Yes,0,Lulus,Tidak,14880,0.0,96.0,360.0,1.0,Pingiran Kota,Y
425,LP002366,Pria,Yes,0,Lulus,Tidak,2666,4300.0,121.0,360.0,1.0,Desa,Y
426,LP002367,Wanita,No,1,Tidak Lulus,Tidak,4606,0.0,81.0,360.0,1.0,Desa,N
427,LP002368,Pria,Yes,2,Lulus,Tidak,5935,0.0,133.0,360.0,1.0,Pingiran Kota,Y
428,LP002369,Pria,Yes,0,Lulus,Tidak,2920,16.12000084,87.0,360.0,1.0,Desa,Y
429,LP002370,Pria,No,0,Tidak Lulus,Tidak,2717,0.0,60.0,180.0,1.0,Kota,Y
430,LP002377,Wanita,No,1,Lulus,Ya,8624,0.0,150.0,360.0,1.0,Pingiran Kota,Y
431,LP002379,Pria,No,0,Lulus,Tidak,6500,0.0,105.0,360.0,0.0,Desa,N
432,LP002386,Pria,No,0,Lulus,Tidak,12876,0.0,405.0,360.0,1.0,Pingiran Kota,Y
433,LP002387,Pria,Yes,0,Lulus,Tidak,2425,2340.0,143.0,360.0,1.0,Pingiran Kota,Y
434,LP002390,Pria,No,0,Lulus,Tidak,3750,0.0,100.0,360.0,1.0,Kota,Y
435,LP002393,Wanita,,,Lulus,Tidak,10047,0.0,,240.0,1.0,Pingiran Kota,Y
436,LP002398,Pria,No,0,Lulus,Tidak,1926,1851.0,50.0,360.0,1.0,Pingiran Kota,Y
437,LP002401,Pria,Yes,0,Lulus,Tidak,2213,1125.0,,360.0,1.0,Kota,Y
438,LP002403,Pria,No,0,Lulus,Ya,10416,0.0,187.0,360.0,0.0,Kota,N
439,LP002407,Wanita,Yes,0,Tidak Lulus,Ya,7142,0.0,138.0,360.0,1.0,Desa,Y
440,LP002408,Pria,No,0,Lulus,Tidak,3660,5064.0,187.0,360.0,1.0,Pingiran Kota,Y
441,LP002409,Pria,Yes,0,Lulus,Tidak,7901,1833.0,180.0,360.0,1.0,Desa,Y
442,LP002418,Pria,No,3+,Tidak Lulus,Tidak,4707,1993.0,148.0,360.0,1.0,Pingiran Kota,Y
443,LP002422,Pria,No,1,Lulus,Tidak,37719,0.0,152.0,360.0,1.0,Pingiran Kota,Y
444,LP002424,Pria,Yes,0,Lulus,Tidak,7333,8333.0,175.0,300.0,,Desa,Y
445,LP002429,Pria,Yes,1,Lulus,Ya,3466,1210.0,130.0,360.0,1.0,Desa,Y
446,LP002434,Pria,Yes,2,Tidak Lulus,Tidak,4652,0.0,110.0,360.0,1.0,Desa,Y
447,LP002435,Pria,Yes,0,Lulus,Tidak,3539,1376.0,55.0,360.0,1.0,Desa,N
448,LP002443,Pria,Yes,2,Lulus,Tidak,3340,1710.0,150.0,360.0,0.0,Desa,N
449,LP002444,Pria,No,1,Tidak Lulus,Ya,2769,1542.0,190.0,360.0,,Pingiran Kota,N
450,LP002446,Pria,Yes,2,Tidak Lulus,Tidak,2309,1255.0,125.0,360.0,0.0,Desa,N
451,LP002447,Pria,Yes,2,Tidak Lulus,Tidak,1958,1456.0,60.0,300.0,,Kota,Y
452,LP002448,Pria,Yes,0,Lulus,Tidak,3948,1733.0,149.0,360.0,0.0,Desa,N
453,LP002449,Pria,Yes,0,Lulus,Tidak,2483,2466.0,90.0,180.0,0.0,Desa,Y
454,LP002453,Pria,No,0,Lulus,Ya,7085,0.0,84.0,360.0,1.0,Pingiran Kota,Y
455,LP002455,Pria,Yes,2,Lulus,Tidak,3859,0.0,96.0,360.0,1.0,Pingiran Kota,Y
456,LP002459,Pria,Yes,0,Lulus,Tidak,4301,0.0,118.0,360.0,1.0,Kota,Y
457,LP002467,Pria,Yes,0,Lulus,Tidak,3708,2569.0,173.0,360.0,1.0,Kota,N
458,LP002472,Pria,No,2,Lulus,Tidak,4354,0.0,136.0,360.0,1.0,Desa,Y
459,LP002473,Pria,Yes,0,Lulus,Tidak,8334,0.0,160.0,360.0,1.0,Pingiran Kota,N
460,LP002478,Wanita,Yes,0,Lulus,Ya,2083,4083.0,160.0,360.0,,Pingiran Kota,Y
461,LP002484,Pria,Yes,3+,Lulus,Tidak,7740,0.0,128.0,180.0,1.0,Kota,Y
462,LP002487,Pria,Yes,0,Lulus,Tidak,3015,2188.0,153.0,360.0,1.0,Desa,Y
463,LP002489,Wanita,No,1,Tidak Lulus,Tidak,5191,0.0,132.0,360.0,1.0,Pingiran Kota,Y
464,LP002493,Pria,No,0,Lulus,Tidak,4166,0.0,98.0,360.0,0.0,Pingiran Kota,N
465,LP002494,Pria,No,0,Lulus,Tidak,6000,0.0,140.0,360.0,1.0,Desa,Y
466,LP002500,Pria,Yes,3+,Tidak Lulus,Tidak,2947,1664.0,70.0,180.0,0.0,Kota,N
467,LP002501,Wanita,Yes,0,Lulus,Tidak,16692,0.0,110.0,360.0,1.0,Pingiran Kota,Y
468,LP002502,Wanita,Yes,2,Tidak Lulus,Tidak,210,2917.0,98.0,360.0,1.0,Pingiran Kota,Y
469,LP002505,Pria,Yes,0,Lulus,Tidak,4333,2451.0,110.0,360.0,1.0,Kota,N
470,LP002515,Pria,Yes,1,Lulus,Ya,3450,2079.0,162.0,360.0,1.0,Pingiran Kota,Y
471,LP002517,Pria,Yes,1,Tidak Lulus,Tidak,2653,1500.0,113.0,180.0,0.0,Desa,N
472,LP002519,Pria,Yes,3+,Lulus,Tidak,4691,0.0,100.0,360.0,1.0,Pingiran Kota,Y
473,LP002522,Wanita,No,0,Lulus,Ya,2500,0.0,93.0,360.0,,Kota,Y
474,LP002524,Pria,No,2,Lulus,Tidak,5532,4648.0,162.0,360.0,1.0,Desa,Y
475,LP002527,Pria,Yes,2,Lulus,Ya,16525,1014.0,150.0,360.0,1.0,Desa,Y
476,LP002529,Pria,Yes,2,Lulus,Tidak,6700,1750.0,230.0,300.0,1.0,Pingiran Kota,Y
477,LP002530,Wanita,Yes,2,Lulus,Tidak,2873,1872.0,132.0,360.0,0.0,Pingiran Kota,N
478,LP002531,Pria,Yes,1,Lulus,Ya,16667,2250.0,86.0,360.0,1.0,Pingiran Kota,Y
479,LP002533,Pria,Yes,2,Lulus,Tidak,2947,1603.0,,360.0,1.0,Kota,N
480,LP002534,Wanita,No,0,Tidak Lulus,Tidak,4350,0.0,154.0,360.0,1.0,Desa,Y
481,LP002536,Pria,Yes,3+,Tidak Lulus,Tidak,3095,0.0,113.0,360.0,1.0,Desa,Y
482,LP002537,Pria,Yes,0,Lulus,Tidak,2083,3150.0,128.0,360.0,1.0,Pingiran Kota,Y
483,LP002541,Pria,Yes,0,Lulus,Tidak,10833,0.0,234.0,360.0,1.0,Pingiran Kota,Y
484,LP002543,Pria,Yes,2,Lulus,Tidak,8333,0.0,246.0,360.0,1.0,Pingiran Kota,Y
485,LP002544,Pria,Yes,1,Tidak Lulus,Tidak,1958,2436.0,131.0,360.0,1.0,Desa,Y
486,LP002545,Pria,No,2,Lulus,Tidak,3547,0.0,80.0,360.0,0.0,Desa,N
487,LP002547,Pria,Yes,1,Lulus,Tidak,18333,0.0,500.0,360.0,1.0,Kota,N
488,LP002555,Pria,Yes,2,Lulus,Ya,4583,2083.0,160.0,360.0,1.0,Pingiran Kota,Y
489,LP002556,Pria,No,0,Lulus,Tidak,2435,0.0,75.0,360.0,1.0,Kota,N
490,LP002560,Pria,No,0,Tidak Lulus,Tidak,2699,2785.0,96.0,360.0,,Pingiran Kota,Y
491,LP002562,Pria,Yes,1,Tidak Lulus,Tidak,5333,1131.0,186.0,360.0,,Kota,Y
492,LP002571,Pria,No,0,Tidak Lulus,Tidak,3691,0.0,110.0,360.0,1.0,Desa,Y
493,LP002582,Wanita,No,0,Tidak Lulus,Ya,17263,0.0,225.0,360.0,1.0,Pingiran Kota,Y
494,LP002585,Pria,Yes,0,Lulus,Tidak,3597,2157.0,119.0,360.0,0.0,Desa,N
495,LP002586,Wanita,Yes,1,Lulus,Tidak,3326,913.0,105.0,84.0,1.0,Pingiran Kota,Y
496,LP002587,Pria,Yes,0,Tidak Lulus,Tidak,2600,1700.0,107.0,360.0,1.0,Desa,Y
497,LP002588,Pria,Yes,0,Lulus,Tidak,4625,2857.0,111.0,12.0,,Kota,Y
498,LP002600,Pria,Yes,1,Lulus,Ya,2895,0.0,95.0,360.0,1.0,Pingiran Kota,Y
499,LP002602,Pria,No,0,Lulus,Tidak,6283,4416.0,209.0,360.0,0.0,Desa,N
500,LP002603,Wanita,No,0,Lulus,Tidak,645,3683.0,113.0,480.0,1.0,Desa,Y
501,LP002606,Wanita,No,0,Lulus,Tidak,3159,0.0,100.0,360.0,1.0,Pingiran Kota,Y
502,LP002615,Pria,Yes,2,Lulus,Tidak,4865,5624.0,208.0,360.0,1.0,Pingiran Kota,Y
503,LP002618,Pria,Yes,1,Tidak Lulus,Tidak,4050,5302.0,138.0,360.0,,Desa,N
504,LP002619,Pria,Yes,0,Tidak Lulus,Tidak,3814,1483.0,124.0,300.0,1.0,Pingiran Kota,Y
505,LP002622,Pria,Yes,2,Lulus,Tidak,3510,4416.0,243.0,360.0,1.0,Desa,Y
506,LP002624,Pria,Yes,0,Lulus,Tidak,20833,6667.0,480.0,360.0,,Kota,Y
507,LP002625,Wanita,No,0,Lulus,Tidak,3583,0.0,96.0,360.0,1.0,Kota,N
508,LP002626,Pria,Yes,0,Lulus,Ya,2479,3013.0,188.0,360.0,1.0,Kota,Y
509,LP002634,Wanita,No,1,Lulus,Tidak,13262,0.0,40.0,360.0,1.0,Kota,Y
510,LP002637,Pria,No,0,Tidak Lulus,Tidak,3598,1287.0,100.0,360.0,1.0,Desa,N
511,LP002640,Pria,Yes,1,Lulus,Tidak,6065,2004.0,250.0,360.0,1.0,Pingiran Kota,Y
512,LP002643,Pria,Yes,2,Lulus,Tidak,3283,2035.0,148.0,360.0,1.0,Kota,Y
513,LP002648,Pria,Yes,0,Lulus,Tidak,2130,6666.0,70.0,180.0,1.0,Pingiran Kota,N
514,LP002652,Pria,No,0,Lulus,Tidak,5815,3666.0,311.0,360.0,1.0,Desa,N
515,LP002659,Pria,Yes,3+,Lulus,Tidak,3466,3428.0,150.0,360.0,1.0,Desa,Y
516,LP002670,Wanita,Yes,2,Lulus,Tidak,2031,1632.0,113.0,480.0,1.0,Pingiran Kota,Y
517,LP002682,Pria,Yes,,Tidak Lulus,Tidak,3074,1800.0,123.0,360.0,0.0,Pingiran Kota,N
518,LP002683,Pria,No,0,Lulus,Tidak,4683,1915.0,185.0,360.0,1.0,Pingiran Kota,N
519,LP002684,Wanita,No,0,Tidak Lulus,Tidak,3400,0.0,95.0,360.0,1.0,Desa,N
520,LP002689,Pria,Yes,2,Tidak Lulus,Tidak,2192,1742.0,45.0,360.0,1.0,Pingiran Kota,Y
521,LP002690,Pria,No,0,Lulus,Tidak,2500,0.0,55.0,360.0,1.0,Pingiran Kota,Y
522,LP002692,Pria,Yes,3+,Lulus,Ya,5677,1424.0,100.0,360.0,1.0,Desa,Y
523,LP002693,Pria,Yes,2,Lulus,Ya,7948,7166.0,480.0,360.0,1.0,Desa,Y
524,LP002697,Pria,No,0,Lulus,Tidak,4680,2087.0,,360.0,1.0,Pingiran Kota,N
525,LP002699,Pria,Yes,2,Lulus,Ya,17500,0.0,400.0,360.0,1.0,Desa,Y
526,LP002705,Pria,Yes,0,Lulus,Tidak,3775,0.0,110.0,360.0,1.0,Pingiran Kota,Y
527,LP002706,Pria,Yes,1,Tidak Lulus,Tidak,5285,1430.0,161.0,360.0,0.0,Pingiran Kota,Y
528,LP002714,Pria,No,1,Tidak Lulus,Tidak,2679,1302.0,94.0,360.0,1.0,Pingiran Kota,Y
529,LP002716,Pria,No,0,Tidak Lulus,Tidak,6783,0.0,130.0,360.0,1.0,Pingiran Kota,Y
530,LP002717,Pria,Yes,0,Lulus,Tidak,1025,5500.0,216.0,360.0,,Desa,Y
531,LP002720,Pria,Yes,3+,Lulus,Tidak,4281,0.0,100.0,360.0,1.0,Kota,Y
532,LP002723,Pria,No,2,Lulus,Tidak,3588,0.0,110.0,360.0,0.0,Desa,N
533,LP002729,Pria,No,1,Lulus,Tidak,11250,0.0,196.0,360.0,,Pingiran Kota,N
534,LP002731,Wanita,No,0,Tidak Lulus,Ya,18165,0.0,125.0,360.0,1.0,Kota,Y
535,LP002732,Pria,No,0,Tidak Lulus,Tidak,2550,2042.0,126.0,360.0,1.0,Desa,Y
536,LP002734,Pria,Yes,0,Lulus,Tidak,6133,3906.0,324.0,360.0,1.0,Kota,Y
537,LP002738,Pria,No,2,Lulus,Tidak,3617,0.0,107.0,360.0,1.0,Pingiran Kota,Y
538,LP002739,Pria,Yes,0,Tidak Lulus,Tidak,2917,536.0,66.0,360.0,1.0,Desa,N
539,LP002740,Pria,Yes,3+,Lulus,Tidak,6417,0.0,157.0,180.0,1.0,Desa,Y
540,LP002741,Wanita,Yes,1,Lulus,Tidak,4608,2845.0,140.0,180.0,1.0,Pingiran Kota,Y
541,LP002743,Wanita,No,0,Lulus,Tidak,2138,0.0,99.0,360.0,0.0,Pingiran Kota,N
542,LP002753,Wanita,No,1,Lulus,Tidak,3652,0.0,95.0,360.0,1.0,Pingiran Kota,Y
543,LP002755,Pria,Yes,1,Tidak Lulus,Tidak,2239,2524.0,128.0,360.0,1.0,Kota,Y
544,LP002757,Wanita,Yes,0,Tidak Lulus,Tidak,3017,663.0,102.0,360.0,,Pingiran Kota,Y
545,LP002767,Pria,Yes,0,Lulus,Tidak,2768,1950.0,155.0,360.0,1.0,Desa,Y
546,LP002768,Pria,No,0,Tidak Lulus,Tidak,3358,0.0,80.0,36.0,1.0,Pingiran Kota,N
547,LP002772,Pria,No,0,Lulus,Tidak,2526,1783.0,145.0,360.0,1.0,Desa,Y
548,LP002776,Wanita,No,0,Lulus,Tidak,5000,0.0,103.0,360.0,0.0,Pingiran Kota,N
549,LP002777,Pria,Yes,0,Lulus,Tidak,2785,2016.0,110.0,360.0,1.0,Desa,Y
550,LP002778,Pria,Yes,2,Lulus,Ya,6633,0.0,,360.0,0.0,Desa,N
551,LP002784,Pria,Yes,1,Tidak Lulus,Tidak,2492,2375.0,,360.0,1.0,Desa,Y
552,LP002785,Pria,Yes,1,Lulus,Tidak,3333,3250.0,158.0,360.0,1.0,Kota,Y
553,LP002788,Pria,Yes,0,Tidak Lulus,Tidak,2454,2333.0,181.0,360.0,0.0,Kota,N
554,LP002789,Pria,Yes,0,Lulus,Tidak,3593,4266.0,132.0,180.0,0.0,Desa,N
555,LP002792,Pria,Yes,1,Lulus,Tidak,5468,1032.0,26.0,360.0,1.0,Pingiran Kota,Y
556,LP002794,Wanita,No,0,Lulus,Tidak,2667,1625.0,84.0,360.0,,Kota,Y
557,LP002795,Pria,Yes,3+,Lulus,Ya,10139,0.0,260.0,360.0,1.0,Pingiran Kota,Y
558,LP002798,Pria,Yes,0,Lulus,Tidak,3887,2669.0,162.0,360.0,1.0,Pingiran Kota,Y
559,LP002804,Wanita,Yes,0,Lulus,Tidak,4180,2306.0,182.0,360.0,1.0,Pingiran Kota,Y
560,LP002807,Pria,Yes,2,Tidak Lulus,Tidak,3675,242.0,108.0,360.0,1.0,Pingiran Kota,Y
561,LP002813,Wanita,Yes,1,Lulus,Ya,19484,0.0,600.0,360.0,1.0,Pingiran Kota,Y
562,LP002820,Pria,Yes,0,Lulus,Tidak,5923,2054.0,211.0,360.0,1.0,Desa,Y
563,LP002821,Pria,No,0,Tidak Lulus,Ya,5800,0.0,132.0,360.0,1.0,Pingiran Kota,Y
564,LP002832,Pria,Yes,2,Lulus,Tidak,8799,0.0,258.0,360.0,0.0,Kota,N
565,LP002833,Pria,Yes,0,Tidak Lulus,Tidak,4467,0.0,120.0,360.0,,Desa,Y
566,LP002836,Pria,No,0,Lulus,Tidak,3333,0.0,70.0,360.0,1.0,Kota,Y
567,LP002837,Pria,Yes,3+,Lulus,Tidak,3400,2500.0,123.0,360.0,0.0,Desa,N
568,LP002840,Wanita,No,0,Lulus,Tidak,2378,0.0,9.0,360.0,1.0,Kota,N
569,LP002841,Pria,Yes,0,Lulus,Tidak,3166,2064.0,104.0,360.0,0.0,Kota,N
570,LP002842,Pria,Yes,1,Lulus,Tidak,3417,1750.0,186.0,360.0,1.0,Kota,Y
571,LP002847,Pria,Yes,,Lulus,Tidak,5116,1451.0,165.0,360.0,0.0,Kota,N
572,LP002855,Pria,Yes,2,Lulus,Tidak,16666,0.0,275.0,360.0,1.0,Kota,Y
573,LP002862,Pria,Yes,2,Tidak Lulus,Tidak,6125,1625.0,187.0,480.0,1.0,Pingiran Kota,N
574,LP002863,Pria,Yes,3+,Lulus,Tidak,6406,0.0,150.0,360.0,1.0,Pingiran Kota,N
575,LP002868,Pria,Yes,2,Lulus,Tidak,3159,461.0,108.0,84.0,1.0,Kota,Y
576,LP002872,Wanita,Yes,0,Lulus,Tidak,3087,2210.0,136.0,360.0,0.0,Pingiran Kota,N
577,LP002874,Pria,No,0,Lulus,Tidak,3229,2739.0,110.0,360.0,1.0,Kota,Y
578,LP002877,Pria,Yes,1,Lulus,Tidak,1782,2232.0,107.0,360.0,1.0,Desa,Y
579,LP002888,Pria,No,0,Lulus,Tidak,3182,2917.0,161.0,360.0,1.0,Kota,Y
580,LP002892,Pria,Yes,2,Lulus,Tidak,6540,0.0,205.0,360.0,1.0,Pingiran Kota,Y
581,LP002893,Pria,No,0,Lulus,Tidak,1836,33837.0,90.0,360.0,1.0,Kota,N
582,LP002894,Wanita,Yes,0,Lulus,Tidak,3166,0.0,36.0,360.0,1.0,Pingiran Kota,Y
583,LP002898,Pria,Yes,1,Lulus,Tidak,1880,0.0,61.0,360.0,,Desa,N
584,LP002911,Pria,Yes,1,Lulus,Tidak,2787,1917.0,146.0,360.0,0.0,Desa,N
585,LP002912,Pria,Yes,1,Lulus,Tidak,4283,3000.0,172.0,84.0,1.0,Desa,N
586,LP002916,Pria,Yes,0,Lulus,Tidak,2297,1522.0,104.0,360.0,1.0,Kota,Y
587,LP002917,Wanita,No,0,Tidak Lulus,Tidak,2165,0.0,70.0,360.0,1.0,Pingiran Kota,Y
588,LP002925,Wanita,No,0,Lulus,Tidak,4750,0.0,94.0,360.0,1.0,Pingiran Kota,Y
589,LP002926,Pria,Yes,2,Lulus,Ya,2726,0.0,106.0,360.0,0.0,Pingiran Kota,N
590,LP002928,Pria,Yes,0,Lulus,Tidak,3000,3416.0,56.0,180.0,1.0,Pingiran Kota,Y
591,LP002931,Pria,Yes,2,Lulus,Ya,6000,0.0,205.0,240.0,1.0,Pingiran Kota,N
592,LP002933,Wanita,No,3+,Lulus,Ya,9357,0.0,292.0,360.0,1.0,Pingiran Kota,Y
593,LP002936,Pria,Yes,0,Lulus,Tidak,3859,3300.0,142.0,180.0,1.0,Desa,Y
594,LP002938,Pria,Yes,0,Lulus,Ya,16120,0.0,260.0,360.0,1.0,Kota,Y
595,LP002940,Pria,No,0,Tidak Lulus,Tidak,3833,0.0,110.0,360.0,1.0,Desa,Y
596,LP002941,Pria,Yes,2,Tidak Lulus,Ya,6383,1000.0,187.0,360.0,1.0,Desa,N
597,LP002943,Pria,No,,Lulus,Tidak,2987,0.0,88.0,360.0,0.0,Pingiran Kota,N
598,LP002945,Pria,Yes,0,Lulus,Ya,9963,0.0,180.0,360.0,1.0,Desa,Y
599,LP002948,Pria,Yes,2,Lulus,Tidak,5780,0.0,192.0,360.0,1.0,Kota,Y
600,LP002949,Wanita,No,3+,Lulus,Tidak,416,41667.0,350.0,180.0,,Kota,N
601,LP002950,Pria,Yes,0,Tidak Lulus,Tidak,2894,2792.0,155.0,360.0,1.0,Desa,Y
602,LP002953,Pria,Yes,3+,Lulus,Tidak,5703,0.0,128.0,360.0,1.0,Kota,Y
603,LP002958,Pria,No,0,Lulus,Tidak,3676,4301.0,172.0,360.0,1.0,Desa,Y
604,LP002959,Wanita,Yes,1,Lulus,Tidak,12000,0.0,496.0,360.0,1.0,Pingiran Kota,Y
605,LP002960,Pria,Yes,0,Tidak Lulus,Tidak,2400,3800.0,,180.0,1.0,Kota,N
606,LP002961,Pria,Yes,1,Lulus,Tidak,3400,2500.0,173.0,360.0,1.0,Pingiran Kota,Y
607,LP002964,Pria,Yes,2,Tidak Lulus,Tidak,3987,1411.0,157.0,360.0,1.0,Desa,Y
608,LP002974,Pria,Yes,0,Lulus,Tidak,3232,1950.0,108.0,360.0,1.0,Desa,Y
609,LP002978,Wanita,No,0,Lulus,Tidak,2900,0.0,71.0,360.0,1.0,Desa,Y
610,LP002979,Pria,Yes,3+,Lulus,Tidak,4106,0.0,40.0,180.0,1.0,Desa,Y
611,LP002983,Pria,Yes,1,Lulus,Tidak,8072,240.0,253.0,360.0,1.0,Kota,Y
612,LP002984,Pria,Yes,2,Lulus,Tidak,7583,0.0,187.0,360.0,1.0,Kota,Y
613,LP002990,Wanita,No,0,Lulus,Ya,4583,0.0,133.0,360.0,0.0,Pingiran Kota,N
